"conversation_id_str","created_at","favorite_count","full_text","id_str","image_url","in_reply_to_screen_name","lang","location","quote_count","reply_count","retweet_count","tweet_url","user_id_str","username"
"1842352858207035452","Fri Oct 04 23:55:25 +0000 2024","0","MABA harap dapat pemain naturalisasi sebelum Sukan Sea Thailand | Harian Metro https://t.co/79NDJylnYD","1842352858207035452","","","in","Bandar Kuala Lumpur","0","0","0","https://x.com/AtletMalaysia/status/1842352858207035452","2230869265","AtletMalaysia"
"1842343354505535569","Fri Oct 04 23:55:14 +0000 2024","0","@SeputarMadrid sep yg di list nominees kok lounine ya namanya. apa lunin naturalisasi ke prancis?","1842352811708919986","","SeputarMadrid","in","Earth","0","1","0","https://x.com/mift189/status/1842352811708919986","2642778856","mift189"
"1842351540281241769","Fri Oct 04 23:50:11 +0000 2024","1","MABA harap dapat turunkan pemain naturalisasi di Thailand | Berita Harian https://t.co/99VMYMAU9X","1842351540281241769","","","in","Bandar Kuala Lumpur","0","0","0","https://x.com/AtletMalaysia/status/1842351540281241769","2230869265","AtletMalaysia"
"1842031501057392678","Fri Oct 04 23:46:53 +0000 2024","0","@gilabola_ina Malaysia mending Naturalisasi Ultraman Ribut","1842350712673411272","","gilabola_ina","in","Indonesia","0","0","0","https://x.com/BentVuijk/status/1842350712673411272","264927696","BentVuijk"
"1842349842364080288","Fri Oct 04 23:43:26 +0000 2024","0","boaz kalo masih muda ga bakal dah indonesia naturalisasi striker","1842349842364080288","","","in","London, England","0","0","0","https://x.com/octoivan/status/1842349842364080288","88359639","octoivan"
"1842052706674098335","Fri Oct 04 23:39:17 +0000 2024","0","@unmagnetism naturalisasi buat gua males dukung negara kek gini","1842348800779985290","","unmagnetism","in","Jakarta Capital Region","0","0","0","https://x.com/JavaMaukar/status/1842348800779985290","498602170","JavaMaukar"
"1842130518269456829","Fri Oct 04 23:26:38 +0000 2024","0","@hermas36982763 @JokiNgoding @Orangbiasa1312 @pedgavrdgz @MafiaWasit Emang jaman Edy udah hype naturalisasi keturunan?","1842345615621226616","","hermas36982763","in","","0","0","0","https://x.com/Jokosprnto05/status/1842345615621226616","1430994526823337986","Jokosprnto05"
"1842126176267198666","Fri Oct 04 23:26:10 +0000 2024","0","@theonlybil1 @gilabola_ina Polandia ngapain mau naturalisasi org belanda?","1842345498205938153","","theonlybil1","in","","0","0","0","https://x.com/nurulaisyahput9/status/1842345498205938153","3055910558","nurulaisyahput9"
"1842155275295531460","Fri Oct 04 23:24:41 +0000 2024","0","@angelsdudde @gilabola_ina Dia proses Naturalisasi aja belum gmn mau main lawan Bahrain &amp; China? Btw Giani Infantino itu Presiden FIFA","1842345124183113928","","angelsdudde","in","Tempat Terindah Di Hatimu","0","1","0","https://x.com/IndraS4putra/status/1842345124183113928","225646789","IndraS4putra"
"1842259600864841749","Fri Oct 04 23:23:29 +0000 2024","4","@UpdateBolabola @AryaSinulingga G berhenti2 ya naturalisasi ini? Mau cari apa dah ","1842344823807938605","","UpdateBolabola","in","","0","58","0","https://x.com/mirzasyaif/status/1842344823807938605","85011624","mirzasyaif"
"1842341685038350785","Fri Oct 04 23:11:01 +0000 2024","52","BREAKING: Windassio Basuretti del Brando (69/CB) üáÆüá©üáÆüáπ telah selesai menjalani semua proses naturalisasi. Bek tengah andalan AC Milan itu kini sudah berstatus sebagai WNI setelah baru saja menjalani sumpah di KBRI Italia. Welcome Alomani Lanang! https://t.co/x36Ju4GXGk","1842341685038350785","https://pbs.twimg.com/media/GZFP_jYbYAAoeIE.jpg","","in","","1","2","14","https://x.com/atamaruto_dn/status/1842341685038350785","1665609120639250432","atamaruto_dn"
"1842321493549814265","Fri Oct 04 22:55:41 +0000 2024","0","capres naturalisasi.... auk dah males komen gue! sedangkan pemain naturalisasi nunjukin mereka 'all out' ya terlepas mereka ga dipake pusat (belanda) ... toh darah mereka ada ngalir 'Merah Putih'.","1842337828505878783","","banglych","in","samping kulkas","0","1","0","https://x.com/banglych/status/1842337828505878783","75329267","banglych"
"1842063490250637807","Fri Oct 04 22:53:37 +0000 2024","3","@HabibKun4 @vocketfc Apalah daya nak naturalisasi tak da yg minat... Akhirnya hanya mampu hina dan caci yg keluar dari mulut. Dah lah balik sana lawan srilanka kampung halaman rakyat malay","1842337306835054670","","HabibKun4","in","","0","0","0","https://x.com/wtpdua/status/1842337306835054670","1123796892092174338","wtpdua"
"1842163690587685104","Fri Oct 04 22:51:19 +0000 2024","0","@kaukavolk @idextratime Ya kali mau di naturalisasi sama negara babu bawahan British","1842336729216459042","","kaukavolk","in","","0","0","0","https://x.com/goes_moer/status/1842336729216459042","1105755391042904065","goes_moer"
"1842321493549814265","Fri Oct 04 22:49:29 +0000 2024","0","mood mereka kekinian tuh ke capres 'naturalisasi' tapi banyak juga yg anti naturalisasi di TimNas sepakbola... kocak ga tuh? ","1842336267868192969","","banglych","in","samping kulkas","0","1","0","https://x.com/banglych/status/1842336267868192969","75329267","banglych"
"1842168746192122254","Fri Oct 04 22:41:46 +0000 2024","0","@gilabola_ina Itu China protes kalo naturalisasi di Belanda melanggar Hukum Indonesia? Ya maklum aja China Hukum di Indonesia bisa diakal2in beda ama negara ente. Ampe diperingatkan gitu lucunya ngadu ke AFC mereka sendiri bingung jg Kali ","1842334323980292454","","gilabola_ina","in","","0","0","0","https://x.com/Rizkimaulanamu/status/1842334323980292454","1486416706784604160","Rizkimaulanamu"
"1842100294278336517","Fri Oct 04 22:28:52 +0000 2024","0","@kopiairhujan08 @Wahyuromentik17 @idextratime @frfuturetalents Statement tolol mereka adalah bilang negara kita bnyak pemain naturalisasi atau nyenggol soal program naturalisasi kita nyata dan fakta nya mereka yg paling bnyak naturalisasi dan iri dengki ke kita","1842331079384121455","","kopiairhujan08","in","","0","0","0","https://x.com/Vickih_worsnop/status/1842331079384121455","537281159","Vickih_worsnop"
"1842259600864841749","Fri Oct 04 22:22:44 +0000 2024","0","@UpdateBolabola @AryaSinulingga ONANA COCOK DI NATURALISASI WKWKKWKWKW","1842329536115175448","","UpdateBolabola","in","","0","0","0","https://x.com/rizalgiggs/status/1842329536115175448","364715590","rizalgiggs"
"1841992553559949705","Fri Oct 04 21:57:52 +0000 2024","0","@tvOneNews Malah pada ribut urusan naturalisasi bukannya pada benahi sistem pembinaan sepakbola dan pemain...dasar negara2 yang memalukan","1842323275336302746","","tvOneNews","in","Commuter Jakarta, Konoha","0","0","0","https://x.com/soelung77/status/1842323275336302746","1759992179215478786","soelung77"
"1842126176267198666","Fri Oct 04 21:53:07 +0000 2024","2","@theonlybil1 @gilabola_ina Gpp daripada naturalisasi bangla ","1842322079120806380","","theonlybil1","in","ùïè","0","0","0","https://x.com/OPRANDOMDUDE/status/1842322079120806380","1551949493373116417","OPRANDOMDUDE"
"1842126176267198666","Fri Oct 04 21:51:37 +0000 2024","3","@theonlybil1 @gilabola_ina baru tau polandia naturalisasi belanda tolol","1842321703273480531","","theonlybil1","in","Yogyakarta, Indonesia","0","0","0","https://x.com/tanpakarena_/status/1842321703273480531","777900582405222401","tanpakarena_"
"1842027241288696089","Fri Oct 04 21:47:20 +0000 2024","3","@selow_mas Yg kayak gini mestinya di naturalisasi utk memperbaiki keturunan ","1842320627480359219","","selow_mas","in","Surabaya","0","1","0","https://x.com/el2andi/status/1842320627480359219","1144981309","el2andi"
"1842309048617869387","Fri Oct 04 21:02:42 +0000 2024","4","@unmagnetism Lah kan udah dikasih ilmu padi saat naturalisasi. Menyala pak marten ","1842309393104474508","","unmagnetism","in","Kota Palembang","0","0","0","https://x.com/nangcikboy23/status/1842309393104474508","1703282317","nangcikboy23"
"1842307840737935617","Fri Oct 04 20:56:32 +0000 2024","0","Seko 250jt penduduk indonesia iki salah satu sing terbaik dan ijik enek okeh liyane kudune. Tapi timnas e saiki okeh naturalisasi ne gek embuh sing meh di gayuh opo ","1842307840737935617","","","in","","0","2","0","https://x.com/amekyeah/status/1842307840737935617","105678293","amekyeah"
"1842168746192122254","Fri Oct 04 20:40:42 +0000 2024","0","@gilabola_ina Warga cina protes karena proses naturalisasi dianggap pelanggaran hukum Indonesia (?)","1842303856174317806","","gilabola_ina","in","","0","0","0","https://x.com/jennwithy/status/1842303856174317806","1159632386990075904","jennwithy"
"1842301140488344004","Fri Oct 04 20:29:54 +0000 2024","0","China udah shy war mulai dari: -tempat pertandingan di Qingdao -jual tiket pertandingan mahal -jatah supporter indo dikit banget dan tempatnya di atas -sekarang medianya koar2 mau ngelaporin FIFA dan Indonesia ke AFC soal naturalisasi pemain? Bilang auto kalah WO 3-0?","1842301140488344004","","","in","","0","0","0","https://x.com/seluvvv77/status/1842301140488344004","1778380760346722304","seluvvv77"
"1842168746192122254","Fri Oct 04 20:27:00 +0000 2024","0","@gilabola_ina Indonesia menipu diri sendiri dengan melakukan naturalisasi pemain Belanda untuk bermain di timnas. Sumpah gue gak bangga kalo mereka menang. Malah gue harap mereka kalah supaya orang-orang goblok yang mendukung mereka kecewa.","1842300410692014153","","gilabola_ina","in","","0","0","0","https://x.com/jarfath75/status/1842300410692014153","1675840055687127040","jarfath75"
"1841849010245795867","Fri Oct 04 20:15:47 +0000 2024","0","@HabibKun4 @speakbola_id @makanbolaplus No belanda no win Tapi malaydes juga ikut ikutan naturalisasi pemain wkwkwk.... Mending kalau di acc udh ga diacc ternyata pemainnya diclaim darah malaydes","1842297584704209002","","HabibKun4","in","Central Java, Indonesia","0","0","0","https://x.com/chocooooooonut/status/1842297584704209002","1402524521270169603","chocooooooonut"
"1841845074596159819","Fri Oct 04 20:10:52 +0000 2024","1","@Iq_Bay @Gunadi____ Timnas malaydesh dah guna pemain naturalisasi paling banyak tp tetap je buruk gagal di semua kejohanan btw mat deijl and fredy druif tu asal dari mana?? dr kelantan ke stupid malaydesh","1842296349288813010","","Iq_Bay","in","","0","0","0","https://x.com/BoloneWilliam/status/1842296349288813010","1754128523877658624","BoloneWilliam"
"1841622776823873739","Fri Oct 04 20:08:15 +0000 2024","0","@2ndlinesquad Nah ini bener semoga pak erik dpt pemain naturalisasi lagi buat gantiin ya ","1842295689499562482","","2ndlinesquad","in","Semarang Utara 1, Indonesia","0","0","0","https://x.com/TjoeNathan_/status/1842295689499562482","1257726520392445952","TjoeNathan_"
"1841845074596159819","Fri Oct 04 19:31:48 +0000 2024","0","@khafifaiman @Khamasszz @YusrYushua @FootyRankings Pemain keturunan indo half belanda half indo. Pemain naturalisasi malaydesh gak ada darah melayu nya sama sekali TOLOL LU!!","1842286516670005570","","khafifaiman","in","","0","0","0","https://x.com/BoloneWilliam/status/1842286516670005570","1754128523877658624","BoloneWilliam"
"1842033370672595193","Fri Oct 04 19:16:00 +0000 2024","1","@Jezaelans @gilabola_ina Negara kita ga kaya thailand or vietnam ngab gabisa 2 kewarganegaraan mungkin kevin diks mikirnya gitu doang kali cm nyatanya yg udh paspor indo ya ttep full indo makanya terlihat pemain naturalisasi ini beneran mau bela indo apa FOMO doang","1842282542239748514","","Jezaelans","in","–ú–æ–∂–∞–π—Å–∫–∏–π —Ä–∞–π–æ–Ω, –ú–æ—Å–∫–æ–≤—Å–∫–∞—è –æ–±","1","0","0","https://x.com/illuminanti_/status/1842282542239748514","332304217","illuminanti_"
"1842143951945629724","Fri Oct 04 18:59:49 +0000 2024","0","@borndizzway @CEBEkece siap di naturalisasi iki ndan e","1842278467070808167","","borndizzway","in","Canada","0","0","0","https://x.com/zhaenalzaecky/status/1842278467070808167","1131954836235116552","zhaenalzaecky"
"1842269202171953384","Fri Oct 04 18:44:10 +0000 2024","0","@_HAZ19_ Kalau betul makin nyirap la belandon lepas ni wkwk ayo naturalisasi kan espana","1842274529584066997","","_HAZ19_","in","","0","1","0","https://x.com/shaafq/status/1842274529584066997","356756937","shaafq"
"1842259600864841749","Fri Oct 04 18:41:50 +0000 2024","0","@Muhamma00339294 @UpdateBolabola @AryaSinulingga Apalagi dia pernah beli sarung tangan kiper di Depok bisa lah naturalisasi","1842273942725419179","","Muhamma00339294","in","Depok, Jawa Barat","0","1","1","https://x.com/danang_lukmana/status/1842273942725419179","1179042715511558145","danang_lukmana"
"1842063490250637807","Fri Oct 04 18:41:11 +0000 2024","0","@HabibKun4 @vocketfc Haha tak bisa kah mau naturalisasi jgn lupa ntn match indonesia vs bahrain jgn lah sakit hati tak bisa main wc round 3 ","1842273777646031172","","HabibKun4","in","","0","0","0","https://x.com/the_Sanggara/status/1842273777646031172","1831343790491381760","the_Sanggara"
"1841672022381973852","Fri Oct 04 17:05:21 +0000 2024","0","@Roma_Dhoni12 @NaFie_96 @EgagGedi @lANZAlNAL ap sih lu kocak itu juga ad darah malay lol...reti banding ga import sma naturalisasi..lu ibaratkn gonzalez sma marc klok punya drh indo...sedgkn mereka cuma import doang","1842249662029562012","","Roma_Dhoni12","in","","0","0","0","https://x.com/QalWeruy72584/status/1842249662029562012","1780852486074695681","QalWeruy72584"
"1842249129873101210","Fri Oct 04 17:03:14 +0000 2024","0","Pengakuan Hifni Hasan Usai Kritik Shin Tae-yong dan Naturalisasi Timnas Indonesia https://t.co/eb9WQZmNOG","1842249129873101210","","","in","Jakarta","0","1","1","https://x.com/VIVAbola/status/1842249129873101210","95141299","VIVAbola"
"1842063490250637807","Fri Oct 04 16:52:28 +0000 2024","0","@HabibKun4 @vocketfc Belanda2 kaya negara lu full lokal aja..minimal pemain naturalisasi lu hafal lagu kebangsaan lu..wkwk","1842246421535494375","","HabibKun4","in","","0","0","0","https://x.com/jefri47451537/status/1842246421535494375","1418470388263133191","jefri47451537"
"1841780553693249893","Fri Oct 04 16:49:43 +0000 2024","27","@epahalkauni @AlphaE71 @OnefootballM Belanda jga masih ada darah indonesianya..hafal lagu indonesia raya..daripada timnas lu..kebanyakan gak ada darah malay gak hafal lagu kebangsaan makanya gak ada daya juang buat negara. Truss apa yg mau di banggain dri timnas lu.mana mau naturalisasi pemain belanda di tolak.wkwk","1842245727575237092","","epahalkauni","in","","0","0","0","https://x.com/jefri47451537/status/1842245727575237092","1418470388263133191","jefri47451537"
"1842244918305308763","Fri Oct 04 16:46:30 +0000 2024","0","Bisa ga si naturalisasi pejabat ajaa","1842244918305308763","","","in","","0","0","0","https://x.com/er1angga/status/1842244918305308763","409203253","er1angga"
"1842244033734955412","Fri Oct 04 16:42:59 +0000 2024","0","Kebetulan kk Boci ni juga pemain naturalisasi jd tra boleh heran","1842244033734955412","","","in","","0","0","0","https://x.com/eeeyakoka/status/1842244033734955412","507752691","eeeyakoka"
"1841828346210263424","Fri Oct 04 16:36:54 +0000 2024","0","@wnttndy @Cherylly8 @B_joeelll @womensfootie_id ahh dulu perasaan gaserame ini deh yg ngomongin roadmap apalagi pas waktu banyak2nya naturalisasi baru tuh bomm pada rame teriak roadmap wkwk oh bonek yg menuntut revolusi total itu? ya meang bener kok dulu sempet ada kok roadmap untuk u19 tapi sty minta untuk timnas senior-","1842242504512651333","","wnttndy","in","","0","0","0","https://x.com/restuanndd/status/1842242504512651333","3980672420","restuanndd"
"1842063490250637807","Fri Oct 04 16:36:31 +0000 2024","2","@HabibKun4 @vocketfc Iri bilang boss... Naturalisasi gagal??? Coba ke Bangladesh serumpun kalian.","1842242406273749318","","HabibKun4","in","","0","0","0","https://x.com/Ari__1689/status/1842242406273749318","1820846718772187136","Ari__1689"
"1842239645868036579","Fri Oct 04 16:25:33 +0000 2024","0","Media Vietnam Heran dengan Tuduhan Fans Malaysia dan China soal Timnas Indonesia Disebut Dibantu FIFA soal Pemain Naturalisasi | Sepakbola Dunia - https://t.co/Z4LrpdkHvB https://t.co/hIp8cCeoZb","1842239645868036579","","","in","","0","0","0","https://x.com/Saepul37884466/status/1842239645868036579","830819626548236288","Saepul37884466"
"1842239530327548097","Fri Oct 04 16:25:05 +0000 2024","0","gampangnya versi ori = boaz versi naturalisasi = gonzalez boaz x gonzalez dijamannya gada obat broo","1842239530327548097","","","in","UNITED. ALWAYS.","0","0","0","https://x.com/gsjshydhh/status/1842239530327548097","1213753751300796416","gsjshydhh"
"1842239287687024858","Fri Oct 04 16:24:07 +0000 2024","0","Padahal tuh orang compare ke Hokky dan Sananta (striker) bukan Struick (winger dijadiin striker). Hobi kok bikin polarisasi tentang pemain naturalisasi Coba dong compare bek timnas dulu sama sekarang","1842239287687024858","","","in","Indonesia","1","1","1","https://x.com/bonjavenya/status/1842239287687024858","1225949305803927552","bonjavenya"
"1841998296417763529","Fri Oct 04 16:22:16 +0000 2024","0","@RanggaXll @lANZAlNAL Apa lagi yang bisa di bangga in timnasnya... Merudum di segala jenjang.... Baca aturan naturalisasi pemain pun ga becus","1842238819334254746","","RanggaXll","in","","0","0","0","https://x.com/LayarTiang87515/status/1842238819334254746","1692749467127271424","LayarTiang87515"
"1842177823907381560","Fri Oct 04 16:18:40 +0000 2024","0","@OnefootballM Tutorial me naturalisasi pemain yang bermain di liga luar ada di medsosnya PSSI min","1842237912404132344","","OnefootballM","in","","0","0","0","https://x.com/LayarTiang87515/status/1842237912404132344","1692749467127271424","LayarTiang87515"
"1842109166510604724","Fri Oct 04 16:07:45 +0000 2024","0","@idextratime Naturalisasi aja semua bek. Biar Maen 11 bek. Kita butuh pure striker haus goal woy erick tohir.","1842235165684425201","","idextratime","in","","0","0","0","https://x.com/andreacahya7/status/1842235165684425201","2980199287","andreacahya7"
"1842230686629179845","Fri Oct 04 15:49:57 +0000 2024","0","2 Pemain Naturalisasi Baru jelang Laga Indonesia vs Bahrain dan China di Ronde 3 Kualifikasi Piala Dunia 2026 - https://t.co/mrfUKlWIB8","1842230686629179845","","","in","Lampung, Indonesia","0","0","0","https://x.com/waktu_lampung/status/1842230686629179845","1612748693085773832","waktu_lampung"
"1842229757867638879","Fri Oct 04 15:47:42 +0000 2024","51","@fixxongmingi Siap naturalisasi","1842230121014644783","","fixxongmingi","in","ATEEZüè¥‚Äç‚ò†Ô∏è","0","2","0","https://x.com/8ITEEZ/status/1842230121014644783","282911553","8ITEEZ"
"1842116294189138240","Fri Oct 04 15:42:46 +0000 2024","0","@idextratime Langsung Naturalisasi Emilio Audero Wkwkwkwk","1842228879211245842","","idextratime","in","Indonesia","0","0","0","https://x.com/akuntuiterku/status/1842228879211245842","1043909005196709890","akuntuiterku"
"1842199850101907691","Fri Oct 04 13:47:25 +0000 2024","1","MABA harap dapat turunkan pemain naturalisasi di Thailand #BHsukan Kami sedang bekerjasama rapat dengan kerajaan kerana ini bukan hanya usaha MABA sahaja. Kami sangat memerlukan bantuan daripada kerajaan. - Naib Presiden MABA Datuk Lee Yuen Fong https://t.co/pNK8kbrezc","1842199850101907691","","","in","Malaysia","0","0","0","https://x.com/bharianmy/status/1842199850101907691","63070483","bharianmy"
"1842168746192122254","Fri Oct 04 13:46:23 +0000 2024","0","@gilabola_ina Kenapa ngurusi proses naturalisasi negara lain?","1842199588947783999","","gilabola_ina","in","","0","0","0","https://x.com/primawan_d/status/1842199588947783999","4121568498","primawan_d"
"1842168746192122254","Fri Oct 04 13:46:17 +0000 2024","0","@gilabola_ina Dah di cariin lapangan jauh 30 jam perjalanan trus sekarang di permasalahkan soal naturalisasi jangan jangan besok malah nagih utang lagi","1842199565086384466","","gilabola_ina","in","Tanah Abang, Indonesia","0","0","0","https://x.com/agusira81696952/status/1842199565086384466","829593707095601152","agusira81696952"
"1841463419947581530","Fri Oct 04 13:45:28 +0000 2024","0","@erickthohir Sudah salaman dg pak @erickthohir siap di Naturalisasi.","1842199361511715070","","erickthohir","in","","0","0","0","https://x.com/ErwinSatriani/status/1842199361511715070","78524723","ErwinSatriani"
"1842191124615901386","Fri Oct 04 13:43:23 +0000 2024","0","@unmagnetism Lokal nggak guna sudah paling benar naturalisasi. 10 Tahun tukang ngibul saja kerjaannya. Harusnya pejabat dinaturalisasi saja semua.","1842198833968849360","","unmagnetism","in","Central Region, Singapore","0","0","0","https://x.com/DindaLaw88/status/1842198833968849360","1731115890815664128","DindaLaw88"
"1842198505689092552","Fri Oct 04 13:42:04 +0000 2024","0","beritanya soal naturalisasi tapi pictnya brotowali ","1842198505689092552","","","in","","0","1","0","https://x.com/inibowoitubukan/status/1842198505689092552","2499680852","inibowoitubukan"
"1842168746192122254","Fri Oct 04 13:41:08 +0000 2024","2","@bahri_ocean @gilabola_ina Disumpah di KEDUTAAN INDONESIA di Belgia scr hukum International sy pikir tidak melanggar aturan. Sbb KEDUTAAN suatu negara ya UU negara Perwakilan tsb yg berlaku bukan UU negara dilokasi KEDUTAAN. China keder krn rerata naturalisasi kita dr Eropa (negara yg kuat di Sepakbola)","1842198269469880700","","bahri_ocean","in","","0","0","0","https://x.com/PANDHITADHYASA1/status/1842198269469880700","889674071910236160","PANDHITADHYASA1"
"1842198198497984618","Fri Oct 04 13:40:55 +0000 2024","1","Sebelumnya proses naturalisasi pemain di Timnas Indonesia kembali menjadi sorotan. Media China https://t.co/k8S9fxn9Uj secara terbuka menyatakan bahwa naturalisasi Mees Hilgers dan Eliano Reijnders tidak sah.","1842198214688080038","","Gerindra","in","Indonesia Raya ","0","1","0","https://x.com/Gerindra/status/1842198214688080038","397673651","Gerindra"
"1842198198497984618","Fri Oct 04 13:40:53 +0000 2024","2"," Mereka merasa dirugikan dengan perkembangan positif timnas kita paparnya. Elnino juga menentang pihak-pihak yang menganggap naturalisasi tersebut tidak sesuai regulasi untuk melaporkannya.","1842198208153633087","","Gerindra","in","Indonesia Raya ","0","1","0","https://x.com/Gerindra/status/1842198208153633087","397673651","Gerindra"
"1842198198497984618","Fri Oct 04 13:40:52 +0000 2024","3","Anggota DPR RI Fraksi Partai Gerindra Elnino M. Husein Mohi menilai pemberitaan dari media asal China https://t.co/k8S9fxnHJR yang menyebut bahwa proses naturalisasi PSSI untuk Mees Hilgers dan Eliano Reijnders tidak sesuai regulasi atau cacat hukum adalah bentuk","1842198201249763810","","Gerindra","in","Indonesia Raya ","0","1","0","https://x.com/Gerindra/status/1842198201249763810","397673651","Gerindra"
"1842198198497984618","Fri Oct 04 13:40:51 +0000 2024","14","Media China Soroti Naturalisasi Hilgers dan Eliano Elnino Sebut Kekhawatiran Terhadap Timnas Indonesia yang Semakin Kuat https://t.co/tBBgZoO38o","1842198198497984618","","","in","Indonesia Raya ","1","3","2","https://x.com/Gerindra/status/1842198198497984618","397673651","Gerindra"
"1842168746192122254","Fri Oct 04 13:40:39 +0000 2024","0","@gilabola_ina Naturalisasi (dapet setuju dari FIFA) &gt; CFA lapor AFC &gt; AFC tunduk sama FIFA","1842198148946825517","","gilabola_ina","in","Jakarta","0","0","0","https://x.com/dsntmeknow/status/1842198148946825517","1141364555357933573","dsntmeknow"
"1842051765442904117","Fri Oct 04 13:34:23 +0000 2024","0","@idn_abroad Semoga striker jir bosen naturalisasi bek muluu","1842196569925574992","","idn_abroad","in","Jatipuro, Indonesia","0","0","0","https://x.com/BukanGlenfredly/status/1842196569925574992","1057243108390268928","BukanGlenfredly"
"1842195229262135363","Fri Oct 04 13:29:03 +0000 2024","30","Kami banggain Paes doang? - Round 3 kualifikasi Piala Dunia 2026 - Lolos Piala Asia U-20 2025 - Berhasil nambah kekuatan (Mees Hilgers &amp; Eliano) sedangkan situ gagal naturalisasi pemain wkwk - Mees Hilgers main bagus lawan Emyu &amp; Fenerbahce","1842195229262135363","","","in","","1","5","0","https://x.com/gilabola_ina/status/1842195229262135363","1170153265444442113","gilabola_ina"
"1841139143046537393","Fri Oct 04 13:27:50 +0000 2024","0","@kucing_liar5 @dianoaxl @jusahourly ngapain mereka harus naturalisasi shinta appelkamp wkwkwk saingan appelkamp di timnas jepang itu kubo nakamura minamino kamada dll yg levelnya jauh diatas appelkamp. org pemain macam kyogo furuhashi aja sering ga dipanggil mereka itu butuhnya kiper macem emil gitu.","1842194921715126298","","kucing_liar5","in","","0","0","0","https://x.com/Melt__yourHeart/status/1842194921715126298","1296155080941424641","Melt__yourHeart"
"1842168746192122254","Fri Oct 04 13:25:46 +0000 2024","0","@gilabola_ina Seantusiasnya kita tentang naturalisasi 2 pemain itu tetap tidak dibenarkan klo mereka ( PSSI dan pemerintah ) melakukanya dengan melanggar hukum. Semoga mereka bisa membuktikan tudingan itu tidak benar. ","1842194401952743854","","temansekawan_","in","Tangerang, Indonesia","0","1","0","https://x.com/temansekawan_/status/1842194401952743854","2148185718","temansekawan_"
"1842168746192122254","Fri Oct 04 13:24:39 +0000 2024","0","@gilabola_ina Prmasalahanya bukan tntang china yg tkut atau apa. Klau memang benar sumpah WNI hrus dilakukan d indonesia dan tdk bisa dilakukan dinegara lain artinya naturalisasi kita benar2 tidk sah dan ugal ugalan. Tugas prtama cri tau apa bnar ada aturan soal sumpah hrus di indonesia.","1842194119298596883","","gilabola_ina","in","Tangerang, Indonesia","0","1","0","https://x.com/temansekawan_/status/1842194119298596883","2148185718","temansekawan_"
"1842168746192122254","Fri Oct 04 13:22:57 +0000 2024","0","@gilabola_ina Aturan yang jelas mengenai naturalisasi: Kedua organisasi ini memiliki aturan yang mengatur proses naturalisasi pemain termasuk persyaratan yang harus dipenuhi dan prosedur yang harus diikuti.","1842193694470099257","","nophagundol","in","apsela korek's","0","0","0","https://x.com/nophagundol/status/1842193694470099257","173004529","nophagundol"
"1842168746192122254","Fri Oct 04 13:21:16 +0000 2024","6","@Xeniel_2104 @tuinted @gilabola_ina Lagian FIFA juga gak ngurusin masalah gimana pemain tsb dptin kewarganegaraan mereka yg penting itu mereka eligible untuk main dg negara tsb. Soal hukum atau tahapan naturalisasi itu tergantung negara masing kalaupun melanggar aturan yg bisa hukum ya Indonesia sendiri wkwkwk.","1842193271415779789","","Xeniel_2104","in","Jawa timur_Indonesia","0","2","0","https://x.com/rutdi_santoso/status/1842193271415779789","2322999133","rutdi_santoso"
"1841853111771791437","Fri Oct 04 12:48:44 +0000 2024","0","@idextratime Sayang banget dia GK bisa di naturalisasi karena keturunan indonesia nya dari buyut kalo GK salah","1842185081731088617","","idextratime","in","","0","0","0","https://x.com/rizdrz345/status/1842185081731088617","1750180048118898688","rizdrz345"
"1842184826209911092","Fri Oct 04 12:47:43 +0000 2024","1","BREAKING NEWS/UPDATE üáÆüá© Menurut media China 163 com proses naturalisasi Hilgers dan Eliano tidak sah. Dianggap durasi cepat proses naturalisasi Mees Hilgers dan Eliano Reijnders tidak lazim. 163 com juga menyoroti saat sumpah WNI Hilgers dan Eliano tak di Indonesia. https://t.co/um8okDCnGH","1842184826209911092","https://pbs.twimg.com/media/GZDBVh4aMAAupLg.jpg","","in","Stutgart","0","0","0","https://x.com/Nahrowi_wawie/status/1842184826209911092","78497424","Nahrowi_wawie"
"1841844693644259442","Fri Oct 04 12:47:19 +0000 2024","1","@jon_helmy @waskittyyy @lANZAlNAL @0xprtma Naturalisasi terbanyak di piala asia 2024 itu tim nasional malay","1842184726414819596","","jon_helmy","in","Pekanbaru","0","0","0","https://x.com/mkpasaribu/status/1842184726414819596","928649246810574848","mkpasaribu"
"1842092358198034600","Fri Oct 04 12:46:55 +0000 2024","0","@MacPrakoso @CNNIndonesia Naturalisasi pejabat dr Belanda kaya yg sdh dilakukannya timnas menaturalisasi pemain sepakbola &amp; terbukti skrg timnas sdh bagus ","1842184625172668686","","MacPrakoso","in","Di kolong langit","0","0","0","https://x.com/DONT_W0RRY/status/1842184625172668686","420156199","DONT_W0RRY"
"1842066664227238224","Fri Oct 04 12:45:18 +0000 2024","0","@jawafess Sampai kapanpun koyok e ra iso mlebu pildun Makane naturalisasi eropa Ben iso mendekati pildun","1842184219273179325","","jawafess","in","tulungagung","0","0","0","https://x.com/Doel_Aziz_/status/1842184219273179325","486760037","Doel_Aziz_"
"1842168746192122254","Fri Oct 04 12:42:10 +0000 2024","0","@RFU12 @gilabola_ina https://t.co/pgzA1kuEqO So far gua liat banyak komentator sana yg bilang naturalisasi kita udah legal kok","1842183432010629571","","RFU12","in","Jawa Timur, Indonesia","0","0","0","https://x.com/erieye666/status/1842183432010629571","1066492852039954432","erieye666"
"1842177974965268528","Fri Oct 04 12:42:05 +0000 2024","0","@lazyneess kirain mau naturalisasi yg lain ","1842183408891699295","","lazyneess","in","East Java, Indonesia","0","1","0","https://x.com/dearathens/status/1842183408891699295","1451429672093323269","dearathens"
"1842001070505263585","Fri Oct 04 12:39:12 +0000 2024","0","@joydizzles Glorifikasiin mulu pemain naturalisasi heran","1842182684422087062","","joydizzles","in","","0","2","0","https://x.com/Rizfad37/status/1842182684422087062","1813461612302639104","Rizfad37"
"1841033313102057773","Fri Oct 04 12:35:50 +0000 2024","0","@danialpalmer19 Lah korang pun udah ramai pemain naturalisasi tpi apa pencapaian korang selain merdeka cup? Lwn oman pun tewas","1842181837742801233","","danialpalmer19","in","","0","0","0","https://x.com/BanneJoshua/status/1842181837742801233","1500510646332362754","BanneJoshua"
"1842168746192122254","Fri Oct 04 12:31:24 +0000 2024","0","@gilabola_ina Dari https://t.co/YCrVloh2mG ini berita terbaru mereka mengenai naturalisasi pemain Indonesia. Cuma sekadar pendapat mereka ttg sepakbola Indo skrng yg banyak naturalisasi. Gaada bahas gugat menggugat. Ada yg nemu artikel aslinya? https://t.co/2fRMY0Fc9j","1842180720271196391","","gilabola_ina","in","","0","0","0","https://x.com/2jours1nuit/status/1842180720271196391","1648668343031988224","2jours1nuit"
"1842135768749461936","Fri Oct 04 12:29:34 +0000 2024","2","@UNDRESLIRVANA @FIZITHEGREAT @lsasukeyell Pantes pada banci (waria) rakyat meleis nya lebih hafal idol k-pop di banding pengetahuan sepakbola nya terkait peraturan naturalisasi dari FIFA chuakz :v ","1842180257304224018","","UNDRESLIRVANA","in","","0","0","0","https://x.com/Violetavach/status/1842180257304224018","1758958624691597312","Violetavach"
"1842091975757201741","Fri Oct 04 12:19:51 +0000 2024","0","@OnefootballM Gimananya jelasinnyaa kemenangan terbanyak indonesiaaa padahal malaysia udah naturalisasi dicampur sama bangladesh indiaa wkwk lol dari dulu https://t.co/xC8rDqxbfc","1842177815023948086","https://pbs.twimg.com/media/GZC69cwacAATJdN.jpg","OnefootballM","in","","0","0","0","https://x.com/autcharofdeat/status/1842177815023948086","1298157104818077696","autcharofdeat"
"1842167751118651542","Fri Oct 04 12:19:33 +0000 2024","3","@idextratime Asu Ronald Koeman Ian maatsen di panggil senior trzz di maenin pas tambahan waktu Al hasil king indo udh ga bisa naturalisasi Ian maatsen kontol juga ronal koeman","1842177738809151992","","idextratime","in","","0","1","0","https://x.com/88Badoy/status/1842177738809151992","1521537179729596422","88Badoy"
"1842038333519888740","Fri Oct 04 12:15:25 +0000 2024","11","@MafiaWasit kalo ga nonton futsal diem aja deh pemain indo udh bagus bgt pemainnya ga butuh naturalisasi. yg salah itu selama ini federasu yg suka ganti pelatih mendadak &amp; agenda futsal yg sedikit/sepi selain dari pfl","1842176697422258458","","MafiaWasit","in","","0","0","0","https://x.com/aalmaulanaa/status/1842176697422258458","1478765797161852928","aalmaulanaa"
"1842152198387728609","Fri Oct 04 12:13:59 +0000 2024","0","@trentarc Sebelum diajak naturalisasi gasih itu wkwk","1842176339589333187","","trentarc","in","","0","1","0","https://x.com/puffinad/status/1842176339589333187","1422354888785240109","puffinad"
"1842176294701994357","Fri Oct 04 12:13:49 +0000 2024","1","Sukan+ : Persatuan Bola Keranjang Malaysia (MABA) berharap proses naturalisasi pemain yang dilakukannya dapat diselesaikan sebelum Sukan SEA Thailand hujung tahun depan. https://t.co/YRqWDvJdG4","1842176294701994357","","","in","Kuala Lumpur","0","0","0","https://x.com/BernamaTV/status/1842176294701994357","196460981","BernamaTV"
"1842084981973385647","Fri Oct 04 12:13:44 +0000 2024","3","@AKJJIB1 @angelsdudde @gilabola_ina Bukannya kalian juga berburu heritage player? Bahkan berapa banyak player di squad sekarang hasil naturalisasi? Hypocrite.","1842176275848613964","","AKJJIB1","in","Kota Surabaya, Jawa Timur","0","0","0","https://x.com/imamtauf23/status/1842176275848613964","1601410267447169024","imamtauf23"
"1842176104133787802","Fri Oct 04 12:13:03 +0000 2024","0","FIFA menolak naturalisasi pemain Mats Deijl untuk Timnas Malaysia berbeda dengan Indonesia yang lebih mudah naturalisasi. https://t.co/L1LOn9Pq65 #Naturalisasi #FIFA #TimnasMalaysia #MatsDeijl","1842176104133787802","","","in","Surabaya","0","0","0","https://x.com/ngopibareng_id/status/1842176104133787802","1291246080269545472","ngopibareng_id"
"1841458786353185247","Fri Oct 04 12:12:29 +0000 2024","0","@Datunuwair @syahirketu @pickyhn Negara kau dimana? Thai terus kau urus. Kasian .. kasian.. takkan bawah Thai lah prestasi tak dibaqah Thai. Apa pun olahraga rank bawah bisa lebih bagus daripada rank atas prestasinya. Jadi jangan BODOH ya. Cukup naturalisasi saja kalian BODOH ","1842175960235348116","","Datunuwair","in","","0","1","0","https://x.com/Irkaaa____/status/1842175960235348116","1593448135816536064","Irkaaa____"
"1842174555726684234","Fri Oct 04 12:06:54 +0000 2024","1","TAKUT DULUAN !! Berdasarkan pemberitaan¬†Sports Weekly proses naturalisasi Hilgers dan Reijnders tidak sesuai aturan hukum di Indonesia. Upacara pengambilan sumpah keduanya seharusnya diadakan di Indonesia bukan di Belanda tulis https://t.co/PcQHrMUQbd. #TIMNAS #MEESHILGERS https://t.co/gxsmGCdmjA","1842174555726684234","https://pbs.twimg.com/media/GZC3_IPbIAAwKY2.jpg","","in","","0","0","0","https://x.com/sportlovers_id/status/1842174555726684234","1788478039648817152","sportlovers_id"
"1841096556042408013","Fri Oct 04 12:06:31 +0000 2024","0","@BurhanMuhtadi Mantab! Kapan pejabat di Republik Indonesia dari hasil Naturalisasi juga yah... Bosen lihat pemimpin model populer kaya Mulyono kerja tapi nggak becus... 10 Tahun kebanyakan ngibul mirip kaya Sibuya.","1842174460381859859","","BurhanMuhtadi","in","Central Region, Singapore","0","0","0","https://x.com/DindaLaw88/status/1842174460381859859","1731115890815664128","DindaLaw88"
"1842149660179485109","Fri Oct 04 12:03:29 +0000 2024","0","@epahalkauni Sadar diri malaysesh pemain naturalisasi malay sebanyak itu https://t.co/xmH8JB8dgD","1842173693277208603","https://pbs.twimg.com/media/GZC3NiPbIAAntnN.jpg","epahalkauni","in","Indonesia","0","0","0","https://x.com/lmaloser_/status/1842173693277208603","809771873051426820","lmaloser_"
"1841780553693249893","Fri Oct 04 12:02:40 +0000 2024","9","@epahalkauni @AlphaE71 @OnefootballM Sadar diri lah malay. Pemain naturalisasi malay sebanyak apa https://t.co/j63sUpHzWB","1842173487991210390","https://pbs.twimg.com/media/GZC3BhNbsAAQj8K.jpg","epahalkauni","in","Indonesia","0","1","0","https://x.com/lmaloser_/status/1842173487991210390","809771873051426820","lmaloser_"
"1842158314668601494","Fri Oct 04 12:01:43 +0000 2024","2","@ggedangggoreng Mereka bertiga bukan naturalisasi karna tiga2nya lahir dan dibesarkan di spanyol meskipun ortunya bukan spanish. Pemain naturalisasi di skuad spanyol sekarang cuma laporte sama le normand (dua2nya dari prancis tapi dibesarkan di klub basque).","1842173250081816921","","ggedangggoreng","in","","0","1","0","https://x.com/sunseunnie/status/1842173250081816921","964311177080733696","sunseunnie"
"1842172427289481540","Fri Oct 04 11:58:27 +0000 2024","2","Bisa nya negara yg banyak naturalisasinya gak lolos Ronde 3 Pildun Medali emas olimpiade 0 punya banyak pemain naturalisasi tapi tua dan gk jago... Kok komen begini... Apa dirumah gk punya kaca ??? #malaydesh #FAM #PSSI","1842172427289481540","","","in","","0","0","0","https://x.com/IqbalSyah988/status/1842172427289481540","1143982237928419328","IqbalSyah988"
"1841946132307706152","Fri Oct 04 11:58:09 +0000 2024","0","@Idlkrnwn @_BangFu Eh kudil pemain naturalisasi yg skrng maen di timnas pun kalo dia lahir di indo nasibnya juga sama susah main di Eropa karna diliat dari ranking FIFA timnas maupun liga nya liat marselino dan arhan iya betul mereka main di liga luar tp gapernah main cmn asnawi doang yg reguler","1842172352869847319","","Idlkrnwn","in","","0","1","0","https://x.com/kart84286/status/1842172352869847319","1762982317608550400","kart84286"
"1842116294189138240","Fri Oct 04 11:56:38 +0000 2024","0","@idextratime Terlalu mengandalkan naturalisasi sekalinya ada yg cidera bingung ","1842171973302198362","","idextratime","in","Gresik, Indonesia","0","0","0","https://x.com/UnchPat/status/1842171973302198362","1466901322838392834","UnchPat"
"1842066664227238224","Fri Oct 04 11:53:56 +0000 2024","0","@jawafess Mosok Naturalisasi sing jelas2 nduwe turunan seko wong tuane/mbahe ra oleh mbelo negara leluhure. Mosok yo diprotes????","1842171290582696266","","SastroJoyo1","in","Indonesia","0","0","0","https://x.com/SastroJoyo1/status/1842171290582696266","469303346","SastroJoyo1"
"1842168746192122254","Fri Oct 04 11:53:42 +0000 2024","8","@gilabola_ina selama ini raja ATM berhasil menguasai industri sampai ekonominya bangkit krn nyontek ploduk barat sampai indo jadi big marketnya. akhirnya ada 1 yang tidak bisa dilakukan cino tapi bisa dilakukan king indo naturalisasi cilaka luwa welaaas haaaa","1842171233972195717","","gilabola_ina","in","Tangerang, Indonesia","0","2","0","https://x.com/arminjourney/status/1842171233972195717","841501786204590080","arminjourney"
"1842066664227238224","Fri Oct 04 11:52:40 +0000 2024","0","@jawafess Wis rasah kadoan mbahas naturalisasi saiki nek ono turnamen tarkam neng deso. Klub-klub bola desa ki do ngebon pemain njobo kadang saparo tim ki bon2nan istilahe paketan. Padahal dudu anggota klub sing saben dina melu latian neng klub kui.","1842170972549664978","","jawafess","in","Indonesia","0","1","0","https://x.com/SastroJoyo1/status/1842170972549664978","469303346","SastroJoyo1"
"1842128943866077393","Fri Oct 04 11:51:46 +0000 2024","0","@strootsys Pentingnya naturalisasi Emil Mulyadi Klo situasi seperti ini.","1842170744429773144","","strootsys","in","Klaten, Jawa Tengah","0","0","0","https://x.com/GajMo313/status/1842170744429773144","874626143973908480","GajMo313"
"1842170459380748340","Fri Oct 04 11:51:37 +0000 2024","4","dan pascal dua org ini yang paling impossible buat di naturalisasi sisa nya masih sangat bisa berjodoh ","1842170710338465803","","salvanyyy","in","","0","1","0","https://x.com/salvanyyy/status/1842170710338465803","1769030335881527297","salvanyyy"
"1842170595833729077","Fri Oct 04 11:51:10 +0000 2024","0","Profil Martin Paes Kiper Naturalisasi Baru Timnas Indonesia yang Pernah Tepis Tendangan Messi - Riau Pos https://t.co/bJF428AddC","1842170595833729077","","","in","","0","0","0","https://x.com/fahmy_z17792/status/1842170595833729077","717694243599290368","fahmy_z17792"
"1842170490758340828","Fri Oct 04 11:50:45 +0000 2024","1","indonesia sukses dengan projek naturalisasinya tapi setiap karya emang ada versi murahannya yap siapa lagi kalo bukan projek naturalisasi malaysia yang ngawur bahkan dibilang niru pun gak layak sebenarnya karena emang ngawur cuakss #FAM #Harimaumalaya #timnas @frfuturetalents https://t.co/LadXwu20LM","1842170490758340828","https://pbs.twimg.com/media/GZC0S1mbsAACBho.jpg","","in","","0","0","0","https://x.com/Rakio729/status/1842170490758340828","1563215376888254464","Rakio729"
